{"accuracy": [0.4000000059604645, 0.4000000059604645, 0.4000000059604645, 0.6000000238418579, 0.4000000059604645, 0.6000000238418579, 0.4000000059604645, 0.6000000238418579, 0.800000011920929, 0.4000000059604645, 0.800000011920929, 0.4000000059604645, 0.6000000238418579, 0.4000000059604645, 0.6000000238418579, 0.6000000238418579, 0.6000000238418579, 0.4000000059604645, 0.4000000059604645, 0.4000000059604645, 0.4000000059604645, 0.4000000059604645, 0.6000000238418579, 0.6000000238418579, 0.4000000059604645, 0.6000000238418579, 0.6000000238418579, 0.4000000059604645, 0.4000000059604645, 0.6000000238418579], "loss": [0.8787873983383179, 0.857341468334198, 1.0199906826019287, 0.8861039876937866, 0.6967676877975464, 0.81940758228302, 0.9176566004753113, 0.6838376522064209, 0.7515692114830017, 0.7440658211708069, 0.8913049697875977, 0.887629508972168, 0.725232720375061, 0.814062237739563, 0.8348444104194641, 0.8179826736450195, 0.8231477737426758, 0.9325437545776367, 0.7425664067268372, 0.7146466374397278, 0.884385883808136, 0.8384808301925659, 0.8786420822143555, 0.7289547324180603, 0.7063601613044739, 1.1611791849136353, 0.7347263097763062, 0.7685434818267822, 0.6891909837722778, 0.8413346409797668], "precision": [1.0, 1.0, 1.0, 1.0, 1.0, 1.0, 1.0, 1.0, 1.0, 1.0, 1.0, 1.0, 1.0, 1.0, 1.0, 1.0, 1.0, 1.0, 1.0, 1.0, 1.0, 1.0, 1.0, 1.0, 1.0, 1.0, 1.0, 1.0, 1.0, 1.0], "recall": [0.4000000059604645, 0.4000000059604645, 0.4000000059604645, 0.6000000238418579, 0.4000000059604645, 0.6000000238418579, 0.4000000059604645, 0.6000000238418579, 0.800000011920929, 0.4000000059604645, 0.800000011920929, 0.4000000059604645, 0.6000000238418579, 0.4000000059604645, 0.6000000238418579, 0.6000000238418579, 0.6000000238418579, 0.4000000059604645, 0.4000000059604645, 0.4000000059604645, 0.4000000059604645, 0.4000000059604645, 0.6000000238418579, 0.6000000238418579, 0.4000000059604645, 0.6000000238418579, 0.6000000238418579, 0.4000000059604645, 0.4000000059604645, 0.6000000238418579], "val_accuracy": [0.0, 0.0, 0.5, 0.5, 0.5, 0.5, 0.5, 0.5, 0.5, 0.5, 0.5, 0.5, 0.5, 0.5, 0.5, 0.5, 0.5, 0.5, 0.5, 1.0, 1.0, 1.0, 1.0, 1.0, 1.0, 1.0, 0.5, 0.0, 0.0, 0.0], "val_loss": [0.7179527282714844, 0.7123290300369263, 0.7034938335418701, 0.6994025707244873, 0.6975054740905762, 0.6993882656097412, 0.6994484663009644, 0.6922545433044434, 0.6898804903030396, 0.6865569353103638, 0.6768648624420166, 0.6730188131332397, 0.6696276068687439, 0.6690351963043213, 0.6672197580337524, 0.6706507802009583, 0.6726722121238708, 0.6737383604049683, 0.6761500835418701, 0.6772124767303467, 0.6773728132247925, 0.681835412979126, 0.6805450916290283, 0.6818691492080688, 0.6863068342208862, 0.6882144808769226, 0.6933887004852295, 0.6949714422225952, 0.6963804960250854, 0.7036845684051514], "val_precision": [0.0, 0.0, 1.0, 1.0, 1.0, 1.0, 1.0, 1.0, 1.0, 1.0, 1.0, 1.0, 1.0, 1.0, 1.0, 1.0, 1.0, 1.0, 1.0, 1.0, 1.0, 1.0, 1.0, 1.0, 1.0, 1.0, 1.0, 0.0, 0.0, 0.0], "val_recall": [0.0, 0.0, 0.5, 0.5, 0.5, 0.5, 0.5, 0.5, 0.5, 0.5, 0.5, 0.5, 0.5, 0.5, 0.5, 0.5, 0.5, 0.5, 0.5, 1.0, 1.0, 1.0, 1.0, 1.0, 1.0, 1.0, 0.5, 0.0, 0.0, 0.0], "learning_rate": [0.0010000000474974513, 0.0010000000474974513, 0.0010000000474974513, 0.0010000000474974513, 0.0010000000474974513, 0.0010000000474974513, 0.0010000000474974513, 0.0010000000474974513, 0.0010000000474974513, 0.0010000000474974513, 0.0010000000474974513, 0.0010000000474974513, 0.0010000000474974513, 0.0010000000474974513, 0.0010000000474974513, 0.0010000000474974513, 0.0010000000474974513, 0.0010000000474974513, 0.0010000000474974513, 0.0010000000474974513, 0.0005000000237487257, 0.0005000000237487257, 0.0005000000237487257, 0.0005000000237487257, 0.0005000000237487257, 0.0002500000118743628, 0.0002500000118743628, 0.0002500000118743628, 0.0002500000118743628, 0.0002500000118743628]}