{"accuracy": [0.5, 0.5, 0.5, 0.5, 0.5, 0.25, 0.5, 0.75, 0.5, 0.5, 0.75, 0.5, 0.25, 0.5, 0.5, 0.5, 0.5, 0.75, 0.5, 0.5, 0.5, 0.5, 0.5, 0.25, 0.5, 0.25, 0.5, 0.75, 0.75, 0.25, 0.5, 0.25, 0.5, 0.75, 0.5, 0.5, 0.75, 0.5, 0.25, 0.5, 0.5, 0.25, 0.5, 0.5, 0.75, 0.75, 0.5, 0.5, 0.5, 1.0, 0.5, 0.75, 0.5, 1.0, 0.75, 0.75, 0.75, 0.75, 0.75, 0.5, 0.5, 0.75, 0.75, 0.5, 1.0, 0.5, 0.5], "loss": [0.791517436504364, 0.7408376932144165, 0.9100342392921448, 0.6942334175109863, 0.9677764773368835, 0.6849432587623596, 0.908263623714447, 0.7909104824066162, 1.0809552669525146, 0.9061353206634521, 0.9135087132453918, 0.7059189081192017, 1.1498799324035645, 0.9312354326248169, 0.7409445643424988, 0.6760507225990295, 1.1675535440444946, 0.7200499176979065, 0.7725574970245361, 0.6973027586936951, 0.8545116186141968, 0.828662633895874, 0.9249350428581238, 0.6952861547470093, 0.8285942673683167, 0.7726107835769653, 0.8060494661331177, 0.6567736864089966, 0.6755483746528625, 0.7972233891487122, 0.7035486102104187, 0.8244138360023499, 0.6437437534332275, 0.612615168094635, 0.8345158696174622, 0.7365772724151611, 0.6707456111907959, 0.7709130048751831, 0.7683827877044678, 0.783848226070404, 0.5771194696426392, 0.7544289231300354, 0.777880072593689, 0.5869999527931213, 0.6475547552108765, 0.6087191104888916, 0.7078416347503662, 0.7500548958778381, 0.6488806009292603, 0.5319624543190002, 0.6465161442756653, 0.6616655588150024, 0.7061549425125122, 0.5291500091552734, 0.6816160678863525, 0.5267376899719238, 0.6720664501190186, 0.62226402759552, 0.5431344509124756, 0.705562949180603, 0.5624901652336121, 0.5282296538352966, 0.5941120982170105, 0.6100301742553711, 0.5294853448867798, 0.8773382902145386, 0.5874684453010559], "precision": [1.0, 1.0, 1.0, 1.0, 1.0, 1.0, 1.0, 1.0, 1.0, 1.0, 1.0, 1.0, 1.0, 1.0, 1.0, 1.0, 1.0, 1.0, 1.0, 1.0, 1.0, 1.0, 1.0, 1.0, 1.0, 1.0, 1.0, 1.0, 1.0, 1.0, 1.0, 1.0, 1.0, 1.0, 1.0, 1.0, 1.0, 1.0, 1.0, 1.0, 1.0, 1.0, 1.0, 1.0, 1.0, 1.0, 1.0, 1.0, 1.0, 1.0, 1.0, 1.0, 1.0, 1.0, 1.0, 1.0, 1.0, 1.0, 1.0, 1.0, 1.0, 1.0, 1.0, 1.0, 1.0, 1.0, 1.0], "recall": [0.5, 0.5, 0.5, 0.5, 0.5, 0.25, 0.5, 0.75, 0.5, 0.5, 0.75, 0.5, 0.25, 0.5, 0.5, 0.5, 0.5, 0.75, 0.5, 0.5, 0.5, 0.5, 0.5, 0.25, 0.5, 0.25, 0.5, 0.75, 0.75, 0.25, 0.5, 0.25, 0.5, 0.75, 0.5, 0.5, 0.75, 0.5, 0.25, 0.5, 0.5, 0.25, 0.5, 0.5, 0.75, 0.75, 0.5, 0.5, 0.5, 1.0, 0.5, 0.75, 0.5, 1.0, 0.75, 0.75, 0.75, 0.75, 0.75, 0.5, 0.5, 0.75, 0.75, 0.5, 1.0, 0.5, 0.5], "val_accuracy": [0.0, 0.0, 0.0, 0.0, 1.0, 1.0, 1.0, 1.0, 1.0, 1.0, 1.0, 1.0, 1.0, 1.0, 1.0, 1.0, 1.0, 1.0, 1.0, 1.0, 1.0, 1.0, 1.0, 1.0, 1.0, 1.0, 1.0, 1.0, 1.0, 1.0, 1.0, 1.0, 1.0, 1.0, 1.0, 1.0, 1.0, 1.0, 1.0, 1.0, 1.0, 1.0, 1.0, 1.0, 1.0, 1.0, 1.0, 1.0, 1.0, 1.0, 1.0, 1.0, 1.0, 1.0, 1.0, 1.0, 1.0, 1.0, 1.0, 1.0, 1.0, 1.0, 1.0, 1.0, 1.0, 1.0, 1.0], "val_loss": [0.7138407826423645, 0.7104392051696777, 0.7105276584625244, 0.6984832882881165, 0.6904217004776001, 0.6817349195480347, 0.6778886914253235, 0.6758274435997009, 0.676855206489563, 0.6786949038505554, 0.6745040416717529, 0.6723949313163757, 0.6735441088676453, 0.6714916825294495, 0.6633842587471008, 0.660645067691803, 0.6597527265548706, 0.6538770198822021, 0.6509864926338196, 0.643217146396637, 0.6307083964347839, 0.6299450397491455, 0.6293606758117676, 0.6230415105819702, 0.6184317469596863, 0.6126315593719482, 0.6104340553283691, 0.6123573780059814, 0.6127947568893433, 0.6158618927001953, 0.6081521511077881, 0.6034652590751648, 0.5984523892402649, 0.5919548273086548, 0.584409236907959, 0.5763466954231262, 0.5738942623138428, 0.5662522315979004, 0.5583589673042297, 0.5520208477973938, 0.5433720350265503, 0.5345540046691895, 0.5215125679969788, 0.5090891122817993, 0.49719542264938354, 0.49228715896606445, 0.4884221851825714, 0.48266223073005676, 0.476137638092041, 0.4713672697544098, 0.46758222579956055, 0.46435466408729553, 0.523159384727478, 0.5294201970100403, 0.518322765827179, 0.5124909281730652, 0.516007661819458, 0.5166603326797485, 0.5155486464500427, 0.5125067830085754, 0.511115312576294, 0.5127881169319153, 0.5147294402122498, 0.5139837861061096, 0.5124347805976868, 0.5085586905479431, 0.5088382363319397], "val_precision": [0.0, 0.0, 0.0, 0.0, 1.0, 1.0, 1.0, 1.0, 1.0, 1.0, 1.0, 1.0, 1.0, 1.0, 1.0, 1.0, 1.0, 1.0, 1.0, 1.0, 1.0, 1.0, 1.0, 1.0, 1.0, 1.0, 1.0, 1.0, 1.0, 1.0, 1.0, 1.0, 1.0, 1.0, 1.0, 1.0, 1.0, 1.0, 1.0, 1.0, 1.0, 1.0, 1.0, 1.0, 1.0, 1.0, 1.0, 1.0, 1.0, 1.0, 1.0, 1.0, 1.0, 1.0, 1.0, 1.0, 1.0, 1.0, 1.0, 1.0, 1.0, 1.0, 1.0, 1.0, 1.0, 1.0, 1.0], "val_recall": [0.0, 0.0, 0.0, 0.0, 1.0, 1.0, 1.0, 1.0, 1.0, 1.0, 1.0, 1.0, 1.0, 1.0, 1.0, 1.0, 1.0, 1.0, 1.0, 1.0, 1.0, 1.0, 1.0, 1.0, 1.0, 1.0, 1.0, 1.0, 1.0, 1.0, 1.0, 1.0, 1.0, 1.0, 1.0, 1.0, 1.0, 1.0, 1.0, 1.0, 1.0, 1.0, 1.0, 1.0, 1.0, 1.0, 1.0, 1.0, 1.0, 1.0, 1.0, 1.0, 1.0, 1.0, 1.0, 1.0, 1.0, 1.0, 1.0, 1.0, 1.0, 1.0, 1.0, 1.0, 1.0, 1.0, 1.0], "learning_rate": [0.0010000000474974513, 0.0010000000474974513, 0.0010000000474974513, 0.0010000000474974513, 0.0010000000474974513, 0.0010000000474974513, 0.0010000000474974513, 0.0010000000474974513, 0.0010000000474974513, 0.0010000000474974513, 0.0010000000474974513, 0.0010000000474974513, 0.0010000000474974513, 0.0010000000474974513, 0.0010000000474974513, 0.0010000000474974513, 0.0010000000474974513, 0.0010000000474974513, 0.0010000000474974513, 0.0010000000474974513, 0.0010000000474974513, 0.0010000000474974513, 0.0010000000474974513, 0.0010000000474974513, 0.0010000000474974513, 0.0010000000474974513, 0.0010000000474974513, 0.0010000000474974513, 0.0010000000474974513, 0.0010000000474974513, 0.0010000000474974513, 0.0010000000474974513, 0.0010000000474974513, 0.0010000000474974513, 0.0010000000474974513, 0.0010000000474974513, 0.0010000000474974513, 0.0010000000474974513, 0.0010000000474974513, 0.0010000000474974513, 0.0010000000474974513, 0.0010000000474974513, 0.0010000000474974513, 0.0010000000474974513, 0.0010000000474974513, 0.0010000000474974513, 0.0010000000474974513, 0.0010000000474974513, 0.0010000000474974513, 0.0010000000474974513, 0.0010000000474974513, 0.0010000000474974513, 0.0010000000474974513, 0.0010000000474974513, 0.0010000000474974513, 0.0010000000474974513, 0.0010000000474974513, 0.0005000000237487257, 0.0005000000237487257, 0.0005000000237487257, 0.0005000000237487257, 0.0005000000237487257, 0.0002500000118743628, 0.0002500000118743628, 0.0002500000118743628, 0.0002500000118743628, 0.0002500000118743628]}