{"accuracy": [0.6666666865348816, 0.5, 0.3333333432674408, 0.8333333134651184, 0.6666666865348816, 0.5, 0.6666666865348816, 0.5, 0.5, 0.6666666865348816, 0.3333333432674408, 0.6666666865348816, 0.5, 0.6666666865348816, 0.5, 0.5, 0.3333333432674408, 0.6666666865348816, 0.5, 0.5, 0.5, 0.6666666865348816, 0.6666666865348816, 0.8333333134651184, 0.6666666865348816, 0.5, 0.3333333432674408, 0.5, 0.5, 0.5, 0.5, 0.5, 0.5, 0.5, 0.6666666865348816, 0.5, 0.5, 0.5, 0.5, 0.6666666865348816, 0.6666666865348816, 0.8333333134651184, 0.6666666865348816, 0.6666666865348816, 0.6666666865348816, 0.6666666865348816, 0.6666666865348816, 0.6666666865348816, 0.6666666865348816, 0.5, 0.8333333134651184, 0.5, 0.6666666865348816, 0.6666666865348816, 0.5, 0.5, 0.6666666865348816, 0.6666666865348816, 0.8333333134651184, 0.6666666865348816, 0.6666666865348816, 0.6666666865348816, 0.5], "loss": [0.8932440876960754, 0.7886083126068115, 0.8154330253601074, 0.9717273712158203, 0.8029884696006775, 0.9797709584236145, 1.081684947013855, 0.8233156204223633, 0.7729616165161133, 0.744506299495697, 0.7059760689735413, 0.7578139305114746, 0.8618209958076477, 0.837756335735321, 0.7360639572143555, 0.7184591293334961, 0.7496657371520996, 0.7798943519592285, 0.7421315312385559, 0.7800384163856506, 0.8066795468330383, 0.7424709796905518, 0.7069773077964783, 0.7789079546928406, 0.7042379379272461, 0.8536195755004883, 0.7290780544281006, 0.7761940956115723, 0.7370907664299011, 0.7164838910102844, 0.6868509650230408, 0.6711317896842957, 0.8146982192993164, 0.7196561694145203, 0.7030733227729797, 0.659256637096405, 0.8141592144966125, 0.6498932838439941, 0.7391903400421143, 0.6779001355171204, 0.696915328502655, 0.6451017260551453, 0.6151048541069031, 0.5981659889221191, 0.6445601582527161, 0.62099289894104, 0.6931460499763489, 0.8452971577644348, 0.7208561897277832, 0.68589186668396, 0.6721229553222656, 0.6552407145500183, 0.7090685963630676, 0.5791113972663879, 0.6540499329566956, 0.6296724677085876, 0.6151629090309143, 0.6665298342704773, 0.5959115624427795, 0.6233681440353394, 0.727794885635376, 0.6300984025001526, 0.6913581490516663], "precision": [1.0, 1.0, 1.0, 1.0, 1.0, 1.0, 1.0, 1.0, 1.0, 1.0, 1.0, 1.0, 1.0, 1.0, 1.0, 1.0, 1.0, 1.0, 1.0, 1.0, 1.0, 1.0, 1.0, 1.0, 1.0, 1.0, 1.0, 1.0, 1.0, 1.0, 1.0, 1.0, 1.0, 1.0, 1.0, 1.0, 1.0, 1.0, 1.0, 1.0, 1.0, 1.0, 1.0, 1.0, 1.0, 1.0, 1.0, 1.0, 1.0, 1.0, 1.0, 1.0, 1.0, 1.0, 1.0, 1.0, 1.0, 1.0, 1.0, 1.0, 1.0, 1.0, 1.0], "recall": [0.6666666865348816, 0.5, 0.3333333432674408, 0.8333333134651184, 0.6666666865348816, 0.5, 0.6666666865348816, 0.5, 0.5, 0.6666666865348816, 0.3333333432674408, 0.6666666865348816, 0.5, 0.6666666865348816, 0.5, 0.5, 0.3333333432674408, 0.6666666865348816, 0.5, 0.5, 0.5, 0.6666666865348816, 0.6666666865348816, 0.8333333134651184, 0.6666666865348816, 0.5, 0.3333333432674408, 0.5, 0.5, 0.5, 0.5, 0.5, 0.5, 0.5, 0.6666666865348816, 0.5, 0.5, 0.5, 0.5, 0.6666666865348816, 0.6666666865348816, 0.8333333134651184, 0.6666666865348816, 0.6666666865348816, 0.6666666865348816, 0.6666666865348816, 0.6666666865348816, 0.6666666865348816, 0.6666666865348816, 0.5, 0.8333333134651184, 0.5, 0.6666666865348816, 0.6666666865348816, 0.5, 0.5, 0.6666666865348816, 0.6666666865348816, 0.8333333134651184, 0.6666666865348816, 0.6666666865348816, 0.6666666865348816, 0.5], "val_accuracy": [1.0, 1.0, 1.0, 1.0, 1.0, 1.0, 1.0, 1.0, 1.0, 1.0, 1.0, 1.0, 1.0, 1.0, 1.0, 1.0, 1.0, 1.0, 1.0, 1.0, 1.0, 1.0, 1.0, 1.0, 1.0, 1.0, 1.0, 1.0, 1.0, 1.0, 1.0, 1.0, 1.0, 1.0, 1.0, 1.0, 1.0, 1.0, 1.0, 1.0, 1.0, 1.0, 1.0, 1.0, 1.0, 1.0, 1.0, 1.0, 1.0, 1.0, 1.0, 1.0, 1.0, 1.0, 1.0, 1.0, 1.0, 1.0, 1.0, 1.0, 1.0, 1.0, 1.0], "val_loss": [0.6316552758216858, 0.6278554797172546, 0.6271191835403442, 0.6235285997390747, 0.6194885969161987, 0.6172090768814087, 0.6148029565811157, 0.6140073537826538, 0.6107454895973206, 0.6050246953964233, 0.6011905074119568, 0.5950214862823486, 0.5916134715080261, 0.588402271270752, 0.5874117612838745, 0.5880270004272461, 0.5842244625091553, 0.5839695930480957, 0.5816768407821655, 0.5816127061843872, 0.577921986579895, 0.5718545317649841, 0.5654802322387695, 0.5618350505828857, 0.5580700635910034, 0.5551584959030151, 0.5530771017074585, 0.5486847162246704, 0.5459548234939575, 0.5442269444465637, 0.5386347770690918, 0.5324035882949829, 0.5311440229415894, 0.5283081531524658, 0.5225034952163696, 0.517742395401001, 0.52016681432724, 0.5153881907463074, 0.5055509805679321, 0.49933362007141113, 0.49601539969444275, 0.4917088449001312, 0.48930609226226807, 0.4850037097930908, 0.4827665388584137, 0.4797377288341522, 0.47588247060775757, 0.47363585233688354, 0.47470998764038086, 0.4766942262649536, 0.4899183511734009, 0.5011124610900879, 0.5017426609992981, 0.5011297464370728, 0.5005195140838623, 0.49868252873420715, 0.49810856580734253, 0.49845847487449646, 0.4994317889213562, 0.5005963444709778, 0.5019952654838562, 0.5023096203804016, 0.5028991103172302], "val_precision": [1.0, 1.0, 1.0, 1.0, 1.0, 1.0, 1.0, 1.0, 1.0, 1.0, 1.0, 1.0, 1.0, 1.0, 1.0, 1.0, 1.0, 1.0, 1.0, 1.0, 1.0, 1.0, 1.0, 1.0, 1.0, 1.0, 1.0, 1.0, 1.0, 1.0, 1.0, 1.0, 1.0, 1.0, 1.0, 1.0, 1.0, 1.0, 1.0, 1.0, 1.0, 1.0, 1.0, 1.0, 1.0, 1.0, 1.0, 1.0, 1.0, 1.0, 1.0, 1.0, 1.0, 1.0, 1.0, 1.0, 1.0, 1.0, 1.0, 1.0, 1.0, 1.0, 1.0], "val_recall": [1.0, 1.0, 1.0, 1.0, 1.0, 1.0, 1.0, 1.0, 1.0, 1.0, 1.0, 1.0, 1.0, 1.0, 1.0, 1.0, 1.0, 1.0, 1.0, 1.0, 1.0, 1.0, 1.0, 1.0, 1.0, 1.0, 1.0, 1.0, 1.0, 1.0, 1.0, 1.0, 1.0, 1.0, 1.0, 1.0, 1.0, 1.0, 1.0, 1.0, 1.0, 1.0, 1.0, 1.0, 1.0, 1.0, 1.0, 1.0, 1.0, 1.0, 1.0, 1.0, 1.0, 1.0, 1.0, 1.0, 1.0, 1.0, 1.0, 1.0, 1.0, 1.0, 1.0], "learning_rate": [0.0010000000474974513, 0.0010000000474974513, 0.0010000000474974513, 0.0010000000474974513, 0.0010000000474974513, 0.0010000000474974513, 0.0010000000474974513, 0.0010000000474974513, 0.0010000000474974513, 0.0010000000474974513, 0.0010000000474974513, 0.0010000000474974513, 0.0010000000474974513, 0.0010000000474974513, 0.0010000000474974513, 0.0010000000474974513, 0.0010000000474974513, 0.0010000000474974513, 0.0010000000474974513, 0.0010000000474974513, 0.0010000000474974513, 0.0010000000474974513, 0.0010000000474974513, 0.0010000000474974513, 0.0010000000474974513, 0.0010000000474974513, 0.0010000000474974513, 0.0010000000474974513, 0.0010000000474974513, 0.0010000000474974513, 0.0010000000474974513, 0.0010000000474974513, 0.0010000000474974513, 0.0010000000474974513, 0.0010000000474974513, 0.0010000000474974513, 0.0010000000474974513, 0.0010000000474974513, 0.0010000000474974513, 0.0010000000474974513, 0.0010000000474974513, 0.0010000000474974513, 0.0010000000474974513, 0.0010000000474974513, 0.0010000000474974513, 0.0010000000474974513, 0.0010000000474974513, 0.0010000000474974513, 0.0010000000474974513, 0.0010000000474974513, 0.0010000000474974513, 0.0010000000474974513, 0.0010000000474974513, 0.0005000000237487257, 0.0005000000237487257, 0.0005000000237487257, 0.0005000000237487257, 0.0005000000237487257, 0.0002500000118743628, 0.0002500000118743628, 0.0002500000118743628, 0.0002500000118743628, 0.0002500000118743628]}